mean	std
-0.16551666666666656	0.26562829406157135
